date,Information
01/01/2021,Ti :DVITIYA 14:44
01/01/2021,Ti :DVITIYA 14:44
01/01/2021,Ti :DVITIYA 14:44
01/01/2021,Ti :DVITIYA 14:44
02/01/2021,Ti :DVITIYA 14:44
02/01/2021,Ti :DVITIYA 14:44
02/01/2021,Ti :DVITIYA 14:44
02/01/2021,Ti :DVITIYA 14:44
03/01/2021,Ti :DVITIYA 14:44
03/01/2021,Ti :DVITIYA 14:44
03/01/2021,Ti :DVITIYA 14:44
03/01/2021,Ti :DVITIYA 14:44
04/01/2021,Ti :DVITIYA 14:44
04/01/2021,Ti :DVITIYA 14:44
04/01/2021,Ti :DVITIYA 14:44
04/01/2021,Ti :DVITIYA 14:44
05/01/2021,Ti :DVITIYA 14:44
05/01/2021,Ti :DVITIYA 14:44
05/01/2021,Ti :DVITIYA 14:44
05/01/2021,Ti :DVITIYA 14:44
06/01/2021,Ti :DVITIYA 14:44
06/01/2021,Ti :DVITIYA 14:44
06/01/2021,Ti :DVITIYA 14:44
06/01/2021,Ti :DVITIYA 14:44
07/01/2021,Ti :DVITIYA 14:44
07/01/2021,Ti :DVITIYA 14:44
07/01/2021,Ti :DVITIYA 14:44
07/01/2021,Ti :DVITIYA 14:44
08/01/2021,Ti :DVITIYA 14:44
08/01/2021,Ti :DVITIYA 14:44
08/01/2021,Ti :DVITIYA 14:44
08/01/2021,Ti :DVITIYA 14:44
09/01/2021,Ti :DVITIYA 14:44
09/01/2021,Ti :DVITIYA 14:44
09/01/2021,Ti :DVITIYA 14:44
09/01/2021,Ti :DVITIYA 14:44
10/01/2021,Ti :DVITIYA 14:44
10/01/2021,Ti :DVITIYA 14:44
10/01/2021,Ti :DVITIYA 14:44
10/01/2021,Ti :DVITIYA 14:44
11/01/2021,Ti :DVITIYA 14:44
11/01/2021,Ti :DVITIYA 14:44
11/01/2021,Ti :DVITIYA 14:44
11/01/2021,Ti :DVITIYA 14:44
12/01/2021,Ti :DVITIYA 14:44
12/01/2021,Ti :DVITIYA 14:44
12/01/2021,Ti :DVITIYA 14:44
12/01/2021,Ti :DVITIYA 14:44
13/01/2021,Ti :DVITIYA 14:44
13/01/2021,Ti :DVITIYA 14:44
13/01/2021,Ti :DVITIYA 14:44
13/01/2021,Ti :DVITIYA 14:44
14/01/2021,Ti :DVITIYA 14:44
14/01/2021,Ti :DVITIYA 14:44
14/01/2021,Ti :DVITIYA 14:44
14/01/2021,Ti :DVITIYA 14:44
15/01/2021,Ti :DVITIYA 14:44
15/01/2021,Ti :DVITIYA 14:44
15/01/2021,Ti :DVITIYA 14:44
15/01/2021,Ti :DVITIYA 14:44
16/01/2021,Ti :DVITIYA 14:44
16/01/2021,Ti :DVITIYA 14:44
16/01/2021,Ti :DVITIYA 14:44
16/01/2021,Ti :DVITIYA 14:44
17/01/2021,Ti :DVITIYA 14:44
17/01/2021,Ti :DVITIYA 14:44
17/01/2021,Ti :DVITIYA 14:44
17/01/2021,Ti :DVITIYA 14:44
18/01/2021,Ti :DVITIYA 14:44
18/01/2021,Ti :DVITIYA 14:44
18/01/2021,Ti :DVITIYA 14:44
18/01/2021,Ti :DVITIYA 14:44
19/01/2021,Ti :DVITIYA 14:44
19/01/2021,Ti :DVITIYA 14:44
19/01/2021,Ti :DVITIYA 14:44
19/01/2021,Ti :DVITIYA 14:44
20/01/2021,Ti :DVITIYA 14:44
20/01/2021,Ti :DVITIYA 14:44
20/01/2021,Ti :DVITIYA 14:44
20/01/2021,Ti :DVITIYA 14:44
21/01/2021,Ti :DVITIYA 14:44
21/01/2021,Ti :DVITIYA 14:44
21/01/2021,Ti :DVITIYA 14:44
21/01/2021,Ti :DVITIYA 14:44
22/01/2021,Ti :DVITIYA 14:44
22/01/2021,Ti :DVITIYA 14:44
22/01/2021,Ti :DVITIYA 14:44
22/01/2021,Ti :DVITIYA 14:44
23/01/2021,Ti :DVITIYA 14:44
23/01/2021,Ti :DVITIYA 14:44
23/01/2021,Ti :DVITIYA 14:44
23/01/2021,Ti :DVITIYA 14:44
24/01/2021,Ti :DVITIYA 14:44
24/01/2021,Ti :DVITIYA 14:44
24/01/2021,Ti :DVITIYA 14:44
24/01/2021,Ti :DVITIYA 14:44
25/01/2021,Ti :DVITIYA 14:44
25/01/2021,Ti :DVITIYA 14:44
25/01/2021,Ti :DVITIYA 14:44
25/01/2021,Ti :DVITIYA 14:44
26/01/2021,Ti :DVITIYA 14:44
26/01/2021,Ti :DVITIYA 14:44
26/01/2021,Ti :DVITIYA 14:44
26/01/2021,Ti :DVITIYA 14:44
27/01/2021,Ti :DVITIYA 14:44
27/01/2021,Ti :DVITIYA 14:44
27/01/2021,Ti :DVITIYA 14:44
27/01/2021,Ti :DVITIYA 14:44
28/01/2021,Ti :DVITIYA 14:44
28/01/2021,Ti :DVITIYA 14:44
28/01/2021,Ti :DVITIYA 14:44
28/01/2021,Ti :DVITIYA 14:44
29/01/2021,Ti :DVITIYA 14:44
29/01/2021,Ti :DVITIYA 14:44
29/01/2021,Ti :DVITIYA 14:44
29/01/2021,Ti :DVITIYA 14:44
30/01/2021,Ti :DVITIYA 14:44
30/01/2021,Ti :DVITIYA 14:44
30/01/2021,Ti :DVITIYA 14:44
30/01/2021,Ti :DVITIYA 14:44
31/01/2021,Ti :DVITIYA 14:44
31/01/2021,Ti :DVITIYA 14:44
31/01/2021,Ti :DVITIYA 14:44
31/01/2021,Ti :DVITIYA 14:44
