,Date,Entry 1,Entry 2,Entry 3,Entry 4,Entry 5,Entry 6,Entry 7,Entry 8,Entry 9
0,01/01/2021,ENTER TEXT HERE,ENTER TEXT HERE,ENTER TEXT HERE,ENTER TEXT HERE,ENTER TEXT HERE,ENTER TEXT HERE,ENTER TEXT HERE,ENTER TEXT HERE,ENTER TEXT HERE
1,02/01/2021,ENTER TEXT HERE,ENTER TEXT HERE,ENTER TEXT HERE,ENTER TEXT HERE,ENTER TEXT HERE,ENTER TEXT HERE,ENTER TEXT HERE,ENTER TEXT HERE,ENTER TEXT HERE
2,03/01/2021,ENTER TEXT HERE,ENTER TEXT HERE,ENTER TEXT HERE,ENTER TEXT HERE,ENTER TEXT HERE,ENTER TEXT HERE,ENTER TEXT HERE,ENTER TEXT HERE,ENTER TEXT HERE
3,04/01/2021,ENTER TEXT HERE,ENTER TEXT HERE,ENTER TEXT HERE,ENTER TEXT HERE,ENTER TEXT HERE,ENTER TEXT HERE,ENTER TEXT HERE,ENTER TEXT HERE,ENTER TEXT HERE
4,05/01/2021,ENTER TEXT HERE,ENTER TEXT HERE,ENTER TEXT HERE,ENTER TEXT HERE,ENTER TEXT HERE,ENTER TEXT HERE,ENTER TEXT HERE,ENTER TEXT HERE,ENTER TEXT HERE
5,06/01/2021,ENTER TEXT HERE,ENTER TEXT HERE,ENTER TEXT HERE,ENTER TEXT HERE,ENTER TEXT HERE,ENTER TEXT HERE,ENTER TEXT HERE,ENTER TEXT HERE,ENTER TEXT HERE
6,07/01/2021,ENTER TEXT HERE,ENTER TEXT HERE,ENTER TEXT HERE,ENTER TEXT HERE,ENTER TEXT HERE,ENTER TEXT HERE,ENTER TEXT HERE,ENTER TEXT HERE,ENTER TEXT HERE
7,08/01/2021,ENTER TEXT HERE,ENTER TEXT HERE,ENTER TEXT HERE,ENTER TEXT HERE,ENTER TEXT HERE,ENTER TEXT HERE,ENTER TEXT HERE,ENTER TEXT HERE,ENTER TEXT HERE
8,09/01/2021,ENTER TEXT HERE,ENTER TEXT HERE,ENTER TEXT HERE,ENTER TEXT HERE,ENTER TEXT HERE,ENTER TEXT HERE,ENTER TEXT HERE,ENTER TEXT HERE,ENTER TEXT HERE
9,10/01/2021,ENTER TEXT HERE,ENTER TEXT HERE,ENTER TEXT HERE,ENTER TEXT HERE,ENTER TEXT HERE,ENTER TEXT HERE,ENTER TEXT HERE,ENTER TEXT HERE,ENTER TEXT HERE
10,11/01/2021,ENTER TEXT HERE,ENTER TEXT HERE,ENTER TEXT HERE,ENTER TEXT HERE,ENTER TEXT HERE,ENTER TEXT HERE,ENTER TEXT HERE,ENTER TEXT HERE,ENTER TEXT HERE
11,12/01/2021,ENTER TEXT HERE,ENTER TEXT HERE,ENTER TEXT HERE,ENTER TEXT HERE,ENTER TEXT HERE,ENTER TEXT HERE,ENTER TEXT HERE,ENTER TEXT HERE,ENTER TEXT HERE
12,13/01/2021,ENTER TEXT HERE,ENTER TEXT HERE,ENTER TEXT HERE,ENTER TEXT HERE,ENTER TEXT HERE,ENTER TEXT HERE,ENTER TEXT HERE,ENTER TEXT HERE,ENTER TEXT HERE
13,14/01/2021,ENTER TEXT HERE,ENTER TEXT HERE,ENTER TEXT HERE,ENTER TEXT HERE,ENTER TEXT HERE,ENTER TEXT HERE,ENTER TEXT HERE,ENTER TEXT HERE,ENTER TEXT HERE
14,15/01/2021,ENTER TEXT HERE,ENTER TEXT HERE,ENTER TEXT HERE,ENTER TEXT HERE,ENTER TEXT HERE,ENTER TEXT HERE,ENTER TEXT HERE,ENTER TEXT HERE,ENTER TEXT HERE
15,16/01/2021,ENTER TEXT HERE,ENTER TEXT HERE,ENTER TEXT HERE,ENTER TEXT HERE,ENTER TEXT HERE,ENTER TEXT HERE,ENTER TEXT HERE,ENTER TEXT HERE,ENTER TEXT HERE
16,17/01/2021,ENTER TEXT HERE,ENTER TEXT HERE,ENTER TEXT HERE,ENTER TEXT HERE,ENTER TEXT HERE,ENTER TEXT HERE,ENTER TEXT HERE,ENTER TEXT HERE,ENTER TEXT HERE
17,18/01/2021,ENTER TEXT HERE,ENTER TEXT HERE,ENTER TEXT HERE,ENTER TEXT HERE,ENTER TEXT HERE,ENTER TEXT HERE,ENTER TEXT HERE,ENTER TEXT HERE,ENTER TEXT HERE
18,19/01/2021,ENTER TEXT HERE,ENTER TEXT HERE,ENTER TEXT HERE,ENTER TEXT HERE,ENTER TEXT HERE,ENTER TEXT HERE,ENTER TEXT HERE,ENTER TEXT HERE,ENTER TEXT HERE
19,20/01/2021,ENTER TEXT HERE,ENTER TEXT HERE,ENTER TEXT HERE,ENTER TEXT HERE,ENTER TEXT HERE,ENTER TEXT HERE,ENTER TEXT HERE,ENTER TEXT HERE,ENTER TEXT HERE
20,21/01/2021,ENTER TEXT HERE,ENTER TEXT HERE,ENTER TEXT HERE,ENTER TEXT HERE,ENTER TEXT HERE,ENTER TEXT HERE,ENTER TEXT HERE,ENTER TEXT HERE,ENTER TEXT HERE
21,22/01/2021,ENTER TEXT HERE,ENTER TEXT HERE,ENTER TEXT HERE,ENTER TEXT HERE,ENTER TEXT HERE,ENTER TEXT HERE,ENTER TEXT HERE,ENTER TEXT HERE,ENTER TEXT HERE
22,23/01/2021,ENTER TEXT HERE,ENTER TEXT HERE,ENTER TEXT HERE,ENTER TEXT HERE,ENTER TEXT HERE,ENTER TEXT HERE,ENTER TEXT HERE,ENTER TEXT HERE,ENTER TEXT HERE
23,24/01/2021,ENTER TEXT HERE,ENTER TEXT HERE,ENTER TEXT HERE,ENTER TEXT HERE,ENTER TEXT HERE,ENTER TEXT HERE,ENTER TEXT HERE,ENTER TEXT HERE,ENTER TEXT HERE
24,25/01/2021,ENTER TEXT HERE,ENTER TEXT HERE,ENTER TEXT HERE,ENTER TEXT HERE,ENTER TEXT HERE,ENTER TEXT HERE,ENTER TEXT HERE,ENTER TEXT HERE,ENTER TEXT HERE
25,26/01/2021,ENTER TEXT HERE,ENTER TEXT HERE,ENTER TEXT HERE,ENTER TEXT HERE,ENTER TEXT HERE,ENTER TEXT HERE,ENTER TEXT HERE,ENTER TEXT HERE,ENTER TEXT HERE
26,27/01/2021,ENTER TEXT HERE,ENTER TEXT HERE,ENTER TEXT HERE,ENTER TEXT HERE,ENTER TEXT HERE,ENTER TEXT HERE,ENTER TEXT HERE,ENTER TEXT HERE,ENTER TEXT HERE
27,28/01/2021,ENTER TEXT HERE,ENTER TEXT HERE,ENTER TEXT HERE,ENTER TEXT HERE,ENTER TEXT HERE,ENTER TEXT HERE,ENTER TEXT HERE,ENTER TEXT HERE,ENTER TEXT HERE
28,29/01/2021,ENTER TEXT HERE,ENTER TEXT HERE,ENTER TEXT HERE,ENTER TEXT HERE,ENTER TEXT HERE,ENTER TEXT HERE,ENTER TEXT HERE,ENTER TEXT HERE,ENTER TEXT HERE
29,30/01/2021,ENTER TEXT HERE,ENTER TEXT HERE,ENTER TEXT HERE,ENTER TEXT HERE,ENTER TEXT HERE,ENTER TEXT HERE,ENTER TEXT HERE,ENTER TEXT HERE,ENTER TEXT HERE
30,31/01/2021,ENTER TEXT HERE,ENTER TEXT HERE,ENTER TEXT HERE,ENTER TEXT HERE,ENTER TEXT HERE,ENTER TEXT HERE,ENTER TEXT HERE,ENTER TEXT HERE,ENTER TEXT HERE
